year,month,origin,destination,avg_delay
2015,1,PNQ,MAA,33.3
2015,1,BOM,PNQ,29.1
2015,1,HYD,BOM,35.1
2015,1,PNQ,LHR,43.5
2015,1,LAX,PNQ,29.3
2015,1,LAX,PNQ,22.7
2015,1,DXB,MAA,30.4
2015,1,BOM,DXB,14.4
2015,1,HYD,PNQ,33.6
2015,1,HYD,CCU,36.2
2015,1,BLR,HYD,48.0
2015,1,MAA,HYD,48.5
2015,1,DEL,AMD,35.5
2015,1,PNQ,DXB,29.0
2015,1,DEL,SFO,19.7
2015,1,SFO,AMD,19.7
2015,1,BLR,PNQ,32.0
2015,1,DEL,AMD,43.5
2015,1,BLR,LAX,18.1
2015,1,LHR,DXB,15.6
2015,2,HYD,LHR,28.2
2015,2,BOM,MAA,9.6
2015,2,BLR,HYD,27.0
2015,2,LHR,PNQ,30.5
2015,2,LAX,PNQ,47.8
2015,2,MAA,AMD,30.2
2015,2,MAA,BOM,19.5
2015,2,LHR,SFO,55.2
2015,2,DEL,LAX,35.3
2015,2,LHR,DXB,5.3
2015,2,HYD,BOM,52.6
2015,2,SFO,BLR,27.7
2015,2,CCU,MAA,14.9
2015,2,BOM,PNQ,31.3
2015,2,LHR,BLR,9.8
2015,2,HYD,BLR,53.4
2015,2,PNQ,BLR,33.6
2015,2,LAX,SFO,22.2
2015,2,LAX,LHR,46.5
2015,2,BOM,DXB,38.7
2015,3,DEL,BLR,11.1
2015,3,BOM,LHR,9.6
2015,3,AMD,MAA,22.0
2015,3,HYD,DEL,13.1
2015,3,DXB,SFO,14.0
2015,3,CCU,LAX,10.2
2015,3,CCU,DXB,15.0
2015,3,DXB,BOM,14.4
2015,3,BOM,MAA,19.8
2015,3,MAA,AMD,14.9
2015,3,PNQ,AMD,17.3
2015,3,PNQ,BOM,25.5
2015,3,AMD,SFO,18.2
2015,3,BOM,MAA,12.0
2015,3,LAX,MAA,15.6
2015,3,BLR,LHR,17.2
2015,3,DXB,AMD,17.5
2015,3,AMD,DEL,16.1
2015,3,PNQ,DXB,21.1
2015,3,BLR,LAX,21.2
2015,4,BLR,MAA,20.3
2015,4,BLR,AMD,9.1
2015,4,MAA,DEL,21.2
2015,4,HYD,LAX,15.6
2015,4,LAX,BOM,16.5
2015,4,BLR,DXB,2.8
2015,4,LHR,LAX,0.0
2015,4,CCU,DXB,21.5
2015,4,SFO,DEL,20.7
2015,4,LHR,BLR,10.7
2015,4,SFO,HYD,16.7
2015,4,LAX,SFO,14.5
2015,4,CCU,LAX,7.5
2015,4,BLR,DXB,26.6
2015,4,BLR,SFO,19.6
2015,4,LAX,AMD,14.6
2015,4,AMD,MAA,15.2
2015,4,LHR,BOM,24.9
2015,4,PNQ,DEL,6.8
2015,4,DEL,LHR,17.9
2015,5,LAX,BOM,8.5
2015,5,DEL,CCU,15.2
2015,5,MAA,PNQ,9.4
2015,5,BLR,LHR,17.3
2015,5,AMD,LAX,15.4
2015,5,AMD,DEL,21.2
2015,5,PNQ,SFO,14.7
2015,5,AMD,LHR,13.7
2015,5,DXB,HYD,9.8
2015,5,SFO,PNQ,19.2
2015,5,SFO,LAX,17.8
2015,5,PNQ,BLR,15.6
2015,5,DXB,LHR,17.0
2015,5,PNQ,MAA,23.8
2015,5,DXB,HYD,22.0
2015,5,CCU,LHR,8.7
2015,5,LAX,BOM,16.3
2015,5,HYD,BOM,15.1
2015,5,DEL,LHR,11.7
2015,5,DEL,HYD,18.3
2015,6,LAX,BOM,34.8
2015,6,AMD,PNQ,3.4
2015,6,DEL,LAX,21.2
2015,6,LHR,LAX,10.5
2015,6,AMD,CCU,0.0
2015,6,HYD,BOM,15.4
2015,6,PNQ,DXB,38.8
2015,6,DEL,BOM,29.5
2015,6,DXB,LAX,27.8
2015,6,DXB,LHR,6.1
2015,6,BOM,CCU,26.5
2015,6,MAA,CCU,18.4
2015,6,BOM,DXB,17.9
2015,6,MAA,LHR,47.4
2015,6,CCU,AMD,43.7
2015,6,LAX,BOM,13.2
2015,6,MAA,LHR,36.2
2015,6,LAX,AMD,39.6
2015,6,BLR,BOM,27.9
2015,6,AMD,LHR,29.1
2015,7,DEL,SFO,22.7
2015,7,HYD,DXB,15.8
2015,7,BOM,PNQ,32.2
2015,7,DEL,LHR,23.5
2015,7,DXB,LHR,41.0
2015,7,PNQ,SFO,34.6
2015,7,HYD,BOM,22.6
2015,7,AMD,LAX,47.0
2015,7,DXB,CCU,21.0
2015,7,SFO,BOM,42.4
2015,7,BLR,HYD,25.3
2015,7,BLR,HYD,23.5
2015,7,LHR,BOM,42.4
2015,7,BOM,HYD,24.3
2015,7,MAA,PNQ,20.6
2015,7,PNQ,AMD,30.5
2015,7,MAA,AMD,23.0
2015,7,HYD,DEL,38.5
2015,7,LHR,SFO,13.1
2015,7,AMD,LHR,23.1
2015,8,CCU,DEL,26.2
2015,8,DEL,AMD,7.6
2015,8,BOM,PNQ,22.4
2015,8,HYD,BOM,43.7
2015,8,LHR,PNQ,26.5
2015,8,BOM,DEL,14.4
2015,8,LHR,LAX,31.7
2015,8,BLR,LAX,34.6
2015,8,BOM,DXB,30.4
2015,8,SFO,LAX,22.9
2015,8,PNQ,DEL,23.9
2015,8,PNQ,DEL,34.6
2015,8,DXB,PNQ,46.9
2015,8,LAX,PNQ,18.7
2015,8,BOM,BLR,5.4
2015,8,DXB,DEL,10.2
2015,8,PNQ,HYD,17.5
2015,8,AMD,DXB,35.7
2015,8,PNQ,CCU,13.5
2015,8,AMD,BOM,24.3
2015,9,HYD,MAA,22.4
2015,9,CCU,SFO,13.2
2015,9,DXB,LAX,13.4
2015,9,SFO,MAA,22.3
2015,9,BLR,HYD,18.1
2015,9,CCU,BLR,3.9
2015,9,BOM,AMD,15.5
2015,9,PNQ,DEL,20.8
2015,9,CCU,MAA,25.7
2015,9,PNQ,SFO,12.7
2015,9,AMD,HYD,10.9
2015,9,PNQ,LAX,8.6
2015,9,DEL,HYD,23.0
2015,9,PNQ,DEL,17.7
2015,9,SFO,AMD,21.4
2015,9,LHR,PNQ,8.1
2015,9,LHR,PNQ,0.0
2015,9,BLR,CCU,4.8
2015,9,LHR,BOM,11.6
2015,9,BLR,LAX,12.2
2015,10,BOM,AMD,9.1
2015,10,DEL,PNQ,16.7
2015,10,PNQ,BOM,13.2
2015,10,DXB,SFO,11.4
2015,10,SFO,PNQ,0.0
2015,10,DEL,PNQ,16.2
2015,10,HYD,SFO,12.5
2015,10,PNQ,HYD,14.2
2015,10,CCU,DXB,17.4
2015,10,HYD,LHR,9.9
2015,10,PNQ,BOM,13.2
2015,10,HYD,BOM,14.1
2015,10,CCU,MAA,17.1
2015,10,LAX,BOM,11.1
2015,10,BOM,LAX,16.8
2015,10,CCU,PNQ,12.8
2015,10,CCU,HYD,3.9
2015,10,PNQ,DEL,16.1
2015,10,HYD,DXB,4.6
2015,10,PNQ,CCU,21.3
2015,11,SFO,AMD,11.5
2015,11,LAX,DEL,17.9
2015,11,AMD,LHR,14.7
2015,11,LHR,AMD,16.6
2015,11,HYD,MAA,16.1
2015,11,DXB,LAX,6.7
2015,11,PNQ,CCU,9.3
2015,11,LHR,AMD,16.0
2015,11,DEL,DXB,7.8
2015,11,DXB,SFO,22.7
2015,11,CCU,PNQ,15.0
2015,11,BOM,SFO,22.7
2015,11,SFO,CCU,17.6
2015,11,HYD,BOM,8.9
2015,11,PNQ,LAX,18.3
2015,11,BLR,CCU,12.0
2015,11,SFO,DXB,8.9
2015,11,PNQ,MAA,11.5
2015,11,MAA,BLR,14.7
2015,11,PNQ,MAA,9.7
2015,12,DXB,MAA,38.3
2015,12,BLR,LHR,34.6
2015,12,LHR,LAX,19.7
2015,12,CCU,SFO,5.3
2015,12,BOM,BLR,40.6
2015,12,AMD,LHR,0.4
2015,12,AMD,LAX,21.1
2015,12,LAX,SFO,23.4
2015,12,MAA,DEL,32.2
2015,12,LAX,AMD,32.3
2015,12,AMD,HYD,40.7
2015,12,HYD,LAX,16.6
2015,12,DEL,AMD,15.7
2015,12,DEL,LAX,17.5
2015,12,BOM,DEL,21.3
2015,12,DEL,AMD,10.7
2015,12,BLR,DEL,44.5
2015,12,AMD,DXB,14.4
2015,12,LAX,BLR,47.0
2015,12,AMD,DXB,6.3
2016,1,BOM,LAX,23.5
2016,1,SFO,LAX,39.0
2016,1,MAA,LHR,43.3
2016,1,DXB,MAA,0.3
2016,1,CCU,BOM,61.0
2016,1,SFO,DXB,25.4
2016,1,LHR,HYD,48.9
2016,1,HYD,BOM,40.4
2016,1,MAA,PNQ,31.5
2016,1,LAX,MAA,56.9
2016,1,LHR,HYD,23.2
2016,1,HYD,LAX,40.0
2016,1,DEL,CCU,19.1
2016,1,DXB,MAA,14.6
2016,1,DXB,AMD,12.3
2016,1,AMD,BLR,12.9
2016,1,CCU,LHR,43.9
2016,1,HYD,BLR,17.4
2016,1,DXB,LHR,36.5
2016,1,AMD,CCU,24.9
2016,2,DXB,BLR,25.2
2016,2,CCU,DEL,44.2
2016,2,PNQ,LHR,49.1
2016,2,CCU,LAX,41.1
2016,2,BOM,LAX,28.7
2016,2,PNQ,DEL,40.1
2016,2,PNQ,HYD,30.7
2016,2,LAX,HYD,33.3
2016,2,HYD,DXB,14.2
2016,2,DEL,MAA,51.4
2016,2,LAX,SFO,23.3
2016,2,BLR,LHR,36.0
2016,2,MAA,CCU,9.2
2016,2,BOM,HYD,24.5
2016,2,MAA,LAX,62.5
2016,2,BLR,PNQ,28.5
2016,2,HYD,MAA,40.9
2016,2,LHR,CCU,45.7
2016,2,LAX,HYD,53.2
2016,2,MAA,AMD,34.3
2016,3,BOM,DXB,16.7
2016,3,DEL,CCU,21.3
2016,3,LAX,AMD,11.8
2016,3,MAA,DXB,7.9
2016,3,LHR,BLR,11.8
2016,3,PNQ,DXB,7.2
2016,3,LAX,AMD,18.0
2016,3,LAX,AMD,18.8
2016,3,HYD,AMD,12.3
2016,3,LAX,SFO,20.0
2016,3,PNQ,HYD,11.9
2016,3,BLR,SFO,11.2
2016,3,MAA,AMD,20.6
2016,3,DXB,MAA,18.1
2016,3,DEL,SFO,13.4
2016,3,BLR,PNQ,17.0
2016,3,CCU,BOM,14.2
2016,3,BLR,LHR,21.7
2016,3,BOM,LHR,19.0
2016,3,BOM,PNQ,11.0
2016,4,DEL,BLR,14.9
2016,4,MAA,AMD,18.4
2016,4,LAX,SFO,25.6
2016,4,SFO,BOM,11.9
2016,4,SFO,LHR,20.5
2016,4,BLR,AMD,19.1
2016,4,LHR,MAA,18.8
2016,4,DXB,BOM,10.4
2016,4,BOM,PNQ,11.3
2016,4,HYD,LHR,6.2
2016,4,BLR,CCU,16.2
2016,4,BLR,DEL,12.5
2016,4,MAA,DXB,14.3
2016,4,LAX,DEL,11.9
2016,4,LAX,BLR,13.8
2016,4,SFO,PNQ,9.0
2016,4,MAA,LHR,14.3
2016,4,DXB,HYD,9.3
2016,4,BLR,MAA,12.1
2016,4,LAX,LHR,16.4
2016,5,LHR,HYD,8.0
2016,5,MAA,AMD,25.2
2016,5,LAX,AMD,5.6
2016,5,SFO,AMD,12.6
2016,5,LHR,PNQ,14.9
2016,5,DEL,PNQ,15.3
2016,5,CCU,LAX,17.5
2016,5,DXB,LAX,18.1
2016,5,HYD,PNQ,16.8
2016,5,AMD,BOM,19.7
2016,5,AMD,LAX,15.9
2016,5,SFO,CCU,16.9
2016,5,AMD,SFO,9.6
2016,5,AMD,PNQ,14.4
2016,5,DXB,CCU,14.0
2016,5,DEL,LAX,18.8
2016,5,MAA,LHR,26.6
2016,5,SFO,MAA,24.0
2016,5,DXB,PNQ,15.6
2016,5,LAX,LHR,8.8
2016,6,CCU,BOM,5.1
2016,6,DEL,HYD,33.8
2016,6,DEL,DXB,26.4
2016,6,LHR,SFO,21.7
2016,6,BOM,DXB,18.9
2016,6,MAA,DEL,20.7
2016,6,AMD,BLR,20.3
2016,6,HYD,SFO,29.7
2016,6,HYD,CCU,11.4
2016,6,HYD,AMD,26.0
2016,6,AMD,BLR,11.8
2016,6,HYD,DEL,31.4
2016,6,BOM,LHR,25.0
2016,6,PNQ,DXB,22.2
2016,6,SFO,MAA,38.5
2016,6,AMD,LAX,38.3
2016,6,MAA,HYD,30.5
2016,6,PNQ,AMD,35.9
2016,6,DEL,HYD,32.0
2016,6,MAA,HYD,14.4
2016,7,MAA,SFO,19.0
2016,7,LHR,PNQ,18.0
2016,7,BLR,CCU,40.2
2016,7,HYD,BOM,0.6
2016,7,AMD,PNQ,32.2
2016,7,AMD,CCU,22.1
2016,7,SFO,HYD,19.0
2016,7,BOM,BLR,11.2
2016,7,CCU,HYD,33.2
2016,7,LAX,HYD,7.8
2016,7,BOM,LHR,31.1
2016,7,DXB,HYD,31.4
2016,7,DEL,LAX,13.2
2016,7,PNQ,DXB,20.7
2016,7,DXB,PNQ,4.9
2016,7,BOM,DEL,9.8
2016,7,BLR,LAX,32.6
2016,7,BLR,LHR,12.7
2016,7,HYD,LAX,22.0
2016,7,AMD,DXB,33.3
2016,8,LHR,DXB,28.1
2016,8,SFO,HYD,9.7
2016,8,HYD,MAA,28.7
2016,8,DXB,BOM,36.5
2016,8,CCU,PNQ,15.3
2016,8,DXB,AMD,17.3
2016,8,DEL,CCU,20.2
2016,8,BOM,DXB,34.6
2016,8,LHR,DXB,10.5
2016,8,BOM,BLR,13.5
2016,8,HYD,BOM,10.1
2016,8,MAA,SFO,20.3
2016,8,DXB,MAA,25.7
2016,8,MAA,HYD,37.1
2016,8,DEL,PNQ,25.8
2016,8,MAA,HYD,44.6
2016,8,PNQ,DXB,8.7
2016,8,MAA,DXB,24.6
2016,8,BOM,AMD,22.0
2016,8,BLR,HYD,8.3
2016,9,SFO,BLR,13.2
2016,9,CCU,BLR,15.7
2016,9,LAX,DEL,11.7
2016,9,AMD,LAX,13.2
2016,9,LHR,LAX,11.4
2016,9,CCU,MAA,10.6
2016,9,CCU,LAX,23.4
2016,9,LHR,LAX,10.8
2016,9,BLR,MAA,17.8
2016,9,BOM,PNQ,16.1
2016,9,DXB,LHR,11.1
2016,9,MAA,LHR,20.2
2016,9,CCU,MAA,21.0
2016,9,PNQ,LHR,14.5
2016,9,SFO,CCU,22.0
2016,9,CCU,MAA,9.5
2016,9,BOM,DXB,13.0
2016,9,LAX,DEL,14.8
2016,9,PNQ,CCU,17.3
2016,9,BLR,PNQ,10.0
2016,10,HYD,BOM,13.6
2016,10,BOM,DXB,18.6
2016,10,PNQ,BLR,11.7
2016,10,AMD,PNQ,27.4
2016,10,PNQ,HYD,19.0
2016,10,DEL,MAA,11.3
2016,10,PNQ,CCU,29.6
2016,10,LHR,BLR,15.7
2016,10,PNQ,DXB,16.6
2016,10,MAA,DXB,20.5
2016,10,HYD,CCU,12.9
2016,10,SFO,HYD,16.3
2016,10,LAX,BLR,14.0
2016,10,BOM,LAX,19.1
2016,10,BLR,LAX,0.0
2016,10,HYD,PNQ,18.7
2016,10,LHR,PNQ,22.3
2016,10,LHR,SFO,15.4
2016,10,LHR,CCU,20.7
2016,10,CCU,MAA,13.3
2016,11,AMD,HYD,12.7
2016,11,CCU,LAX,17.6
2016,11,AMD,PNQ,16.0
2016,11,AMD,BOM,25.8
2016,11,LHR,PNQ,18.2
2016,11,HYD,BOM,10.4
2016,11,LAX,PNQ,14.2
2016,11,BOM,PNQ,11.9
2016,11,CCU,PNQ,15.6
2016,11,AMD,LHR,13.2
2016,11,LAX,LHR,13.1
2016,11,CCU,PNQ,13.0
2016,11,CCU,AMD,21.5
2016,11,LHR,AMD,15.4
2016,11,BOM,BLR,17.7
2016,11,LHR,PNQ,22.6
2016,11,BOM,HYD,15.7
2016,11,DEL,LAX,10.7
2016,11,BOM,CCU,15.9
2016,11,BLR,AMD,11.2
2016,12,HYD,LAX,29.8
2016,12,AMD,MAA,29.2
2016,12,DXB,LAX,30.1
2016,12,MAA,PNQ,20.2
2016,12,MAA,DXB,39.2
2016,12,LHR,BOM,24.8
2016,12,PNQ,SFO,43.1
2016,12,HYD,PNQ,33.4
2016,12,HYD,MAA,41.1
2016,12,BLR,MAA,55.9
2016,12,PNQ,BLR,21.0
2016,12,BOM,AMD,35.3
2016,12,BOM,LHR,21.1
2016,12,CCU,DXB,47.8
2016,12,HYD,BOM,57.3
2016,12,HYD,DXB,30.2
2016,12,BLR,LAX,27.0
2016,12,AMD,LAX,60.6
2016,12,BLR,LHR,16.9
2016,12,DEL,DXB,39.0
2017,1,BOM,HYD,28.5
2017,1,BOM,PNQ,44.9
2017,1,BLR,AMD,36.5
2017,1,BLR,LHR,20.3
2017,1,HYD,DEL,36.7
2017,1,MAA,DXB,35.2
2017,1,BLR,SFO,28.3
2017,1,LHR,AMD,39.7
2017,1,PNQ,SFO,36.2
2017,1,BLR,DEL,13.8
2017,1,LHR,CCU,17.0
2017,1,LAX,SFO,56.7
2017,1,LHR,HYD,32.9
2017,1,LAX,AMD,31.2
2017,1,DEL,LHR,37.8
2017,1,BOM,SFO,48.1
2017,1,DEL,MAA,18.9
2017,1,LAX,SFO,17.7
2017,1,HYD,MAA,14.2
2017,1,DXB,AMD,24.1
2017,2,HYD,AMD,3.4
2017,2,CCU,DXB,22.7
2017,2,MAA,SFO,52.3
2017,2,PNQ,BLR,27.5
2017,2,SFO,LHR,33.3
2017,2,CCU,LAX,32.2
2017,2,MAA,DXB,19.8
2017,2,DXB,DEL,43.3
2017,2,LHR,PNQ,46.9
2017,2,LHR,DEL,24.8
2017,2,AMD,BOM,41.0
2017,2,MAA,BLR,33.4
2017,2,MAA,BLR,37.1
2017,2,HYD,MAA,26.1
2017,2,MAA,BLR,39.9
2017,2,SFO,BOM,25.2
2017,2,BOM,LAX,17.2
2017,2,LHR,DEL,25.7
2017,2,HYD,DXB,11.8
2017,2,CCU,PNQ,8.5
2017,3,DXB,SFO,14.1
2017,3,BOM,MAA,15.6
2017,3,BOM,DXB,18.2
2017,3,LAX,HYD,18.6
2017,3,PNQ,LAX,23.2
2017,3,MAA,LAX,19.1
2017,3,DXB,SFO,25.7
2017,3,HYD,DXB,20.2
2017,3,BOM,PNQ,15.4
2017,3,LAX,CCU,22.3
2017,3,HYD,MAA,9.9
2017,3,DEL,PNQ,8.5
2017,3,LAX,MAA,14.8
2017,3,MAA,SFO,18.8
2017,3,HYD,DEL,17.4
2017,3,BLR,DXB,12.9
2017,3,LHR,PNQ,12.4
2017,3,SFO,BLR,15.4
2017,3,CCU,PNQ,21.0
2017,3,SFO,CCU,20.4
2017,4,BLR,PNQ,13.3
2017,4,MAA,LAX,18.5
2017,4,LAX,BLR,14.4
2017,4,DXB,SFO,21.2
2017,4,BLR,LAX,20.8
2017,4,BLR,CCU,24.0
2017,4,AMD,SFO,15.1
2017,4,SFO,LAX,9.9
2017,4,LAX,HYD,20.6
2017,4,DEL,BLR,13.1
2017,4,LHR,DEL,17.1
2017,4,HYD,AMD,8.1
2017,4,BLR,CCU,12.7
2017,4,AMD,LHR,17.1
2017,4,MAA,DXB,18.9
2017,4,MAA,DXB,15.7
2017,4,BOM,CCU,11.1
2017,4,AMD,BLR,19.2
2017,4,HYD,DEL,15.8
2017,4,AMD,CCU,13.2
2017,5,PNQ,MAA,6.5
2017,5,BLR,PNQ,20.0
2017,5,CCU,BOM,24.4
2017,5,BOM,SFO,7.4
2017,5,PNQ,DXB,16.0
2017,5,DEL,SFO,22.9
2017,5,HYD,LAX,16.0
2017,5,PNQ,LHR,14.5
2017,5,LHR,DEL,14.6
2017,5,SFO,PNQ,11.4
2017,5,BOM,BLR,12.8
2017,5,LHR,BLR,21.3
2017,5,BLR,BOM,17.6
2017,5,AMD,LAX,20.2
2017,5,LAX,PNQ,4.6
2017,5,DEL,DXB,13.8
2017,5,HYD,AMD,12.2
2017,5,LAX,CCU,16.3
2017,5,AMD,DXB,16.2
2017,5,BOM,HYD,16.6
2017,6,SFO,DXB,21.4
2017,6,AMD,BOM,26.0
2017,6,HYD,LHR,27.4
2017,6,CCU,AMD,22.9
2017,6,DXB,BLR,20.0
2017,6,LHR,HYD,25.6
2017,6,LHR,SFO,31.3
2017,6,LAX,PNQ,30.3
2017,6,AMD,DEL,16.8
2017,6,SFO,LHR,30.9
2017,6,MAA,BLR,23.4
2017,6,BLR,DXB,39.1
2017,6,LAX,DXB,35.9
2017,6,BOM,MAA,29.9
2017,6,DEL,MAA,30.6
2017,6,BLR,LHR,25.0
2017,6,DEL,LAX,30.3
2017,6,CCU,DEL,36.2
2017,6,LAX,HYD,35.6
2017,6,SFO,HYD,29.5
2017,7,BLR,BOM,31.2
2017,7,BOM,AMD,35.0
2017,7,HYD,PNQ,18.0
2017,7,SFO,LAX,18.6
2017,7,HYD,MAA,22.4
2017,7,DEL,LAX,18.2
2017,7,CCU,BOM,16.7
2017,7,DXB,BOM,24.0
2017,7,BLR,DEL,23.1
2017,7,LHR,BLR,18.0
2017,7,DEL,HYD,26.2
2017,7,MAA,DEL,36.5
2017,7,PNQ,DXB,28.1
2017,7,AMD,SFO,23.6
2017,7,AMD,DEL,27.1
2017,7,LHR,LAX,18.7
2017,7,PNQ,LAX,21.5
2017,7,LAX,BLR,35.0
2017,7,HYD,SFO,17.4
2017,7,DEL,AMD,24.1
2017,8,LAX,AMD,40.9
2017,8,MAA,DXB,25.8
2017,8,HYD,BLR,21.2
2017,8,CCU,AMD,18.3
2017,8,BLR,HYD,17.9
2017,8,HYD,PNQ,25.4
2017,8,DEL,CCU,23.9
2017,8,BOM,SFO,24.4
2017,8,LAX,LHR,18.6
2017,8,DEL,LHR,29.4
2017,8,MAA,AMD,22.3
2017,8,BLR,LAX,27.0
2017,8,BOM,BLR,23.5
2017,8,LAX,PNQ,12.8
2017,8,AMD,LHR,26.8
2017,8,MAA,SFO,26.3
2017,8,SFO,BLR,24.2
2017,8,BOM,SFO,41.9
2017,8,DEL,SFO,35.9
2017,8,PNQ,DXB,42.0
2017,9,AMD,DXB,22.6
2017,9,CCU,DEL,7.4
2017,9,MAA,LHR,19.7
2017,9,CCU,BLR,9.8
2017,9,AMD,PNQ,16.2
2017,9,DEL,DXB,19.9
2017,9,BLR,CCU,21.9
2017,9,BLR,AMD,14.0
2017,9,AMD,BLR,24.0
2017,9,MAA,DXB,12.1
2017,9,AMD,DXB,14.4
2017,9,AMD,LHR,10.9
2017,9,HYD,CCU,22.3
2017,9,BLR,LHR,13.2
2017,9,PNQ,BOM,14.5
2017,9,AMD,BOM,18.7
2017,9,LHR,BOM,6.9
2017,9,PNQ,BLR,18.5
2017,9,DXB,MAA,18.1
2017,9,SFO,PNQ,10.4
2017,10,CCU,LHR,16.3
2017,10,CCU,AMD,13.9
2017,10,DXB,MAA,22.6
2017,10,MAA,HYD,11.4
2017,10,DXB,BOM,16.1
2017,10,DXB,SFO,14.0
2017,10,BOM,PNQ,17.1
2017,10,DEL,PNQ,7.7
2017,10,DXB,LAX,14.7
2017,10,DXB,LHR,14.5
2017,10,PNQ,HYD,15.7
2017,10,CCU,SFO,9.6
2017,10,BLR,LHR,22.0
2017,10,PNQ,DEL,4.8
2017,10,DEL,AMD,16.7
2017,10,DEL,AMD,30.1
2017,10,CCU,LHR,10.6
2017,10,AMD,BOM,22.9
2017,10,CCU,SFO,17.3
2017,10,LHR,DXB,11.6
2017,11,AMD,LHR,19.5
2017,11,BLR,HYD,17.9
2017,11,DEL,SFO,11.0
2017,11,BLR,MAA,15.3
2017,11,AMD,SFO,9.9
2017,11,PNQ,HYD,13.6
2017,11,SFO,DEL,15.3
2017,11,BLR,DXB,13.4
2017,11,LHR,HYD,17.7
2017,11,BLR,DXB,14.0
2017,11,DEL,LHR,7.6
2017,11,BLR,AMD,9.7
2017,11,HYD,PNQ,20.5
2017,11,DEL,SFO,12.7
2017,11,CCU,DXB,20.5
2017,11,PNQ,MAA,12.8
2017,11,BOM,CCU,13.2
2017,11,DXB,PNQ,12.8
2017,11,CCU,SFO,9.1
2017,11,BLR,HYD,20.0
2017,12,LAX,MAA,34.8
2017,12,LAX,DXB,27.0
2017,12,DXB,BLR,21.0
2017,12,LAX,PNQ,25.2
2017,12,MAA,HYD,49.5
2017,12,DEL,AMD,22.9
2017,12,DXB,CCU,21.9
2017,12,AMD,MAA,37.6
2017,12,HYD,PNQ,28.2
2017,12,MAA,HYD,36.5
2017,12,BOM,CCU,24.1
2017,12,CCU,BLR,31.3
2017,12,SFO,DXB,26.3
2017,12,PNQ,HYD,31.5
2017,12,SFO,MAA,37.1
2017,12,BLR,AMD,41.2
2017,12,DXB,SFO,39.7
2017,12,CCU,LHR,22.9
2017,12,HYD,CCU,12.5
2017,12,DXB,HYD,28.3
2018,1,LHR,SFO,32.5
2018,1,DXB,HYD,29.0
2018,1,MAA,BLR,9.3
2018,1,BOM,MAA,18.9
2018,1,DEL,BOM,25.7
2018,1,BOM,HYD,13.8
2018,1,DEL,CCU,24.6
2018,1,DXB,LAX,51.5
2018,1,BLR,MAA,12.9
2018,1,SFO,LHR,4.0
2018,1,MAA,DEL,26.6
2018,1,PNQ,LAX,16.2
2018,1,BLR,LAX,19.2
2018,1,AMD,BOM,36.1
2018,1,CCU,LAX,28.3
2018,1,AMD,SFO,16.4
2018,1,SFO,LAX,6.4
2018,1,CCU,LAX,57.0
2018,1,BLR,BOM,21.5
2018,1,CCU,LHR,32.6
2018,2,HYD,AMD,25.6
2018,2,MAA,BLR,50.6
2018,2,DXB,CCU,25.6
2018,2,PNQ,DEL,17.3
2018,2,LHR,DEL,15.6
2018,2,SFO,PNQ,49.6
2018,2,BLR,LHR,19.5
2018,2,AMD,PNQ,1.2
2018,2,BLR,AMD,34.9
2018,2,PNQ,AMD,20.7
2018,2,AMD,DXB,36.3
2018,2,HYD,DXB,23.5
2018,2,CCU,PNQ,35.1
2018,2,AMD,PNQ,22.6
2018,2,DEL,CCU,47.7
2018,2,BOM,LAX,43.3
2018,2,LAX,BLR,15.6
2018,2,BLR,AMD,32.6
2018,2,LAX,MAA,10.7
2018,2,LHR,PNQ,25.1
2018,3,HYD,PNQ,19.4
2018,3,AMD,BOM,13.9
2018,3,BLR,CCU,13.1
2018,3,SFO,PNQ,15.0
2018,3,LAX,LHR,5.8
2018,3,SFO,BOM,6.7
2018,3,AMD,MAA,18.8
2018,3,BLR,SFO,20.4
2018,3,DXB,AMD,11.0
2018,3,LAX,DXB,12.8
2018,3,DXB,BLR,17.9
2018,3,CCU,LHR,14.8
2018,3,BLR,CCU,20.1
2018,3,AMD,CCU,11.1
2018,3,LHR,BLR,13.3
2018,3,BLR,CCU,10.6
2018,3,DEL,SFO,19.5
2018,3,PNQ,LAX,14.8
2018,3,DEL,SFO,13.7
2018,3,DEL,SFO,22.1
2018,4,LAX,DXB,13.6
2018,4,PNQ,LAX,10.8
2018,4,PNQ,DEL,14.9
2018,4,BLR,LHR,15.2
2018,4,PNQ,AMD,19.6
2018,4,BLR,BOM,18.4
2018,4,DXB,BOM,11.1
2018,4,CCU,DXB,27.9
2018,4,HYD,SFO,17.3
2018,4,LAX,MAA,11.4
2018,4,SFO,CCU,20.8
2018,4,AMD,LHR,5.6
2018,4,BLR,LHR,14.6
2018,4,BLR,DXB,3.4
2018,4,LHR,PNQ,22.7
2018,4,PNQ,BLR,10.7
2018,4,MAA,LAX,18.9
2018,4,HYD,LAX,7.1
2018,4,SFO,BOM,5.8
2018,4,CCU,LHR,14.1
2018,5,SFO,CCU,15.2
2018,5,LAX,DXB,19.9
2018,5,BLR,PNQ,15.0
2018,5,PNQ,DEL,8.8
2018,5,AMD,BOM,22.4
2018,5,LAX,CCU,11.0
2018,5,SFO,LHR,15.8
2018,5,LAX,DEL,16.8
2018,5,HYD,BOM,16.7
2018,5,PNQ,DXB,13.1
2018,5,AMD,SFO,22.1
2018,5,DEL,HYD,15.4
2018,5,HYD,LHR,19.0
2018,5,LAX,DXB,14.6
2018,5,HYD,LAX,17.2
2018,5,HYD,LAX,17.6
2018,5,BOM,AMD,9.2
2018,5,CCU,LAX,9.0
2018,5,SFO,HYD,11.2
2018,5,MAA,SFO,15.8
2018,6,PNQ,AMD,13.7
2018,6,DXB,BOM,16.7
2018,6,DXB,SFO,30.9
2018,6,DEL,MAA,22.9
2018,6,PNQ,SFO,29.1
2018,6,LHR,SFO,37.6
2018,6,MAA,LAX,45.0
2018,6,MAA,SFO,36.4
2018,6,PNQ,BLR,46.8
2018,6,SFO,DXB,31.0
2018,6,LHR,CCU,22.0
2018,6,AMD,LAX,17.4
2018,6,BOM,SFO,20.7
2018,6,LHR,AMD,35.0
2018,6,AMD,HYD,15.1
2018,6,DXB,AMD,29.1
2018,6,SFO,DXB,30.9
2018,6,LAX,CCU,28.5
2018,6,SFO,LAX,29.9
2018,6,PNQ,DXB,22.2
2018,7,SFO,LAX,37.9
2018,7,CCU,AMD,40.7
2018,7,MAA,LAX,22.3
2018,7,BLR,PNQ,17.0
2018,7,HYD,SFO,23.1
2018,7,BLR,CCU,11.4
2018,7,LHR,BOM,13.2
2018,7,SFO,LAX,29.2
2018,7,SFO,CCU,18.7
2018,7,DEL,HYD,23.1
2018,7,MAA,AMD,16.9
2018,7,BLR,BOM,33.3
2018,7,CCU,HYD,25.3
2018,7,CCU,LHR,4.7
2018,7,LAX,BOM,8.2
2018,7,BLR,SFO,27.5
2018,7,AMD,SFO,31.6
2018,7,BOM,LHR,23.2
2018,7,BOM,LAX,13.8
2018,7,DEL,SFO,25.5
2018,8,CCU,DEL,17.1
2018,8,LAX,BLR,26.2
2018,8,LHR,CCU,25.0
2018,8,LAX,AMD,23.2
2018,8,LAX,BOM,22.1
2018,8,PNQ,CCU,31.0
2018,8,CCU,AMD,36.0
2018,8,HYD,DXB,29.9
2018,8,DXB,PNQ,39.9
2018,8,PNQ,MAA,46.0
2018,8,DEL,BLR,28.6
2018,8,LAX,PNQ,13.0
2018,8,BOM,SFO,24.1
2018,8,LHR,HYD,33.1
2018,8,CCU,LAX,9.8
2018,8,AMD,CCU,23.1
2018,8,HYD,MAA,33.9
2018,8,DEL,MAA,25.6
2018,8,DXB,MAA,19.9
2018,8,PNQ,DEL,44.3
2018,9,LAX,MAA,14.2
2018,9,LHR,DXB,15.8
2018,9,HYD,DEL,11.5
2018,9,LHR,HYD,16.4
2018,9,AMD,MAA,13.1
2018,9,DXB,BLR,11.8
2018,9,LHR,PNQ,20.2
2018,9,HYD,LHR,14.1
2018,9,SFO,AMD,20.4
2018,9,MAA,DXB,15.1
2018,9,LHR,AMD,17.8
2018,9,PNQ,DEL,8.4
2018,9,AMD,BOM,22.9
2018,9,MAA,DEL,14.2
2018,9,MAA,BLR,15.1
2018,9,HYD,DEL,11.6
2018,9,MAA,BOM,16.0
2018,9,MAA,LAX,16.4
2018,9,LHR,BLR,17.6
2018,9,HYD,DXB,3.3
2018,10,PNQ,LHR,14.3
2018,10,PNQ,MAA,20.4
2018,10,HYD,AMD,14.7
2018,10,LAX,DXB,13.1
2018,10,DXB,BLR,19.7
2018,10,BOM,CCU,13.2
2018,10,BOM,BLR,14.9
2018,10,DXB,AMD,10.9
2018,10,LHR,DXB,20.4
2018,10,DEL,DXB,19.5
2018,10,BLR,BOM,18.3
2018,10,LHR,DXB,6.3
2018,10,BOM,HYD,19.9
2018,10,BOM,MAA,24.0
2018,10,MAA,BLR,26.0
2018,10,DEL,HYD,21.8
2018,10,SFO,LHR,8.7
2018,10,DXB,HYD,18.4
2018,10,SFO,LAX,24.6
2018,10,DXB,HYD,8.4
2018,11,BLR,MAA,12.7
2018,11,LHR,DXB,6.1
2018,11,SFO,DXB,11.3
2018,11,DXB,MAA,9.4
2018,11,PNQ,AMD,25.6
2018,11,SFO,CCU,15.8
2018,11,MAA,LHR,11.2
2018,11,BLR,PNQ,19.3
2018,11,LHR,AMD,16.0
2018,11,PNQ,CCU,3.4
2018,11,DEL,MAA,18.1
2018,11,BLR,LHR,12.6
2018,11,LHR,HYD,15.1
2018,11,MAA,PNQ,24.4
2018,11,AMD,SFO,19.1
2018,11,HYD,LHR,16.3
2018,11,PNQ,BOM,4.4
2018,11,DXB,DEL,13.9
2018,11,BLR,AMD,9.2
2018,11,PNQ,LHR,12.7
2018,12,DXB,BOM,19.3
2018,12,BLR,PNQ,28.4
2018,12,DXB,LHR,42.5
2018,12,BLR,DEL,46.0
2018,12,MAA,DXB,43.6
2018,12,SFO,AMD,20.9
2018,12,DEL,LHR,36.4
2018,12,BOM,CCU,34.2
2018,12,DEL,SFO,10.7
2018,12,HYD,CCU,30.0
2018,12,DEL,MAA,45.3
2018,12,PNQ,LHR,35.3
2018,12,HYD,MAA,39.3
2018,12,BOM,AMD,35.6
2018,12,AMD,DXB,41.5
2018,12,AMD,LAX,53.5
2018,12,LAX,PNQ,34.8
2018,12,BOM,LAX,31.9
2018,12,PNQ,BOM,18.0
2018,12,BLR,AMD,34.9
2019,1,BLR,CCU,19.1
2019,1,MAA,HYD,41.5
2019,1,MAA,DEL,35.3
2019,1,AMD,DEL,27.7
2019,1,DEL,SFO,43.4
2019,1,HYD,CCU,28.0
2019,1,MAA,DXB,28.3
2019,1,DXB,LHR,43.4
2019,1,AMD,DEL,33.4
2019,1,SFO,MAA,9.3
2019,1,DXB,CCU,0.0
2019,1,DEL,LHR,17.2
2019,1,HYD,LAX,30.9
2019,1,DEL,MAA,19.3
2019,1,LHR,PNQ,24.5
2019,1,AMD,MAA,40.8
2019,1,DEL,CCU,26.7
2019,1,BOM,PNQ,49.0
2019,1,SFO,DXB,42.7
2019,1,BOM,LAX,32.6
2019,2,LAX,LHR,20.2
2019,2,MAA,LAX,15.3
2019,2,HYD,CCU,22.5
2019,2,BLR,AMD,26.9
2019,2,AMD,DEL,19.1
2019,2,DXB,LAX,24.6
2019,2,LHR,SFO,23.7
2019,2,CCU,BOM,29.3
2019,2,BLR,LAX,28.0
2019,2,SFO,BLR,41.2
2019,2,SFO,LHR,0.0
2019,2,DEL,HYD,16.6
2019,2,CCU,DEL,50.6
2019,2,AMD,BOM,27.1
2019,2,SFO,MAA,27.7
2019,2,MAA,LAX,40.9
2019,2,MAA,CCU,34.6
2019,2,DEL,SFO,33.2
2019,2,BOM,DXB,24.9
2019,2,BLR,HYD,33.2
2019,3,LAX,SFO,27.3
2019,3,AMD,DEL,12.8
2019,3,LHR,DEL,14.7
2019,3,BOM,PNQ,15.6
2019,3,CCU,AMD,17.0
2019,3,LAX,PNQ,21.3
2019,3,MAA,HYD,19.7
2019,3,BLR,PNQ,15.6
2019,3,AMD,MAA,23.9
2019,3,DEL,LHR,16.2
2019,3,LHR,MAA,11.7
2019,3,LHR,BLR,20.7
2019,3,MAA,DEL,11.0
2019,3,BLR,DEL,19.5
2019,3,DXB,MAA,11.2
2019,3,LHR,CCU,12.5
2019,3,DEL,BLR,15.3
2019,3,AMD,DXB,10.4
2019,3,SFO,CCU,16.7
2019,3,DEL,BLR,22.4
2019,4,DEL,LHR,21.5
2019,4,SFO,DXB,5.8
2019,4,DXB,AMD,8.5
2019,4,LHR,HYD,20.3
2019,4,LAX,SFO,12.0
2019,4,AMD,DEL,12.7
2019,4,BLR,MAA,21.8
2019,4,LHR,SFO,18.5
2019,4,HYD,MAA,18.0
2019,4,MAA,SFO,16.1
2019,4,DXB,BOM,11.5
2019,4,CCU,BLR,22.7
2019,4,DEL,SFO,16.8
2019,4,MAA,DEL,14.3
2019,4,AMD,LHR,17.5
2019,4,DEL,LHR,17.7
2019,4,PNQ,DXB,13.7
2019,4,BOM,LAX,16.9
2019,4,PNQ,MAA,14.0
2019,4,HYD,MAA,19.6
2019,5,MAA,BOM,10.2
2019,5,PNQ,HYD,10.7
2019,5,LAX,LHR,14.4
2019,5,BOM,AMD,10.3
2019,5,MAA,AMD,9.4
2019,5,CCU,BLR,14.2
2019,5,MAA,LHR,13.4
2019,5,DEL,LHR,21.5
2019,5,AMD,LHR,4.9
2019,5,DXB,LHR,20.4
2019,5,PNQ,DEL,19.1
2019,5,LAX,HYD,18.9
2019,5,HYD,DEL,7.7
2019,5,CCU,DXB,21.5
2019,5,AMD,LHR,18.2
2019,5,LHR,DXB,16.8
2019,5,MAA,PNQ,17.8
2019,5,CCU,DEL,10.0
2019,5,DXB,BLR,16.9
2019,5,CCU,BLR,19.3
2019,6,SFO,AMD,46.0
2019,6,PNQ,LAX,13.5
2019,6,CCU,LAX,17.4
2019,6,CCU,AMD,17.2
2019,6,LAX,BLR,32.0
2019,6,BOM,BLR,21.1
2019,6,BOM,AMD,21.1
2019,6,SFO,CCU,28.9
2019,6,DEL,HYD,26.2
2019,6,DXB,DEL,22.3
2019,6,BLR,AMD,0.0
2019,6,DEL,AMD,29.3
2019,6,LAX,BOM,24.4
2019,6,DXB,LHR,16.5
2019,6,CCU,LAX,2.8
2019,6,DXB,BLR,18.2
2019,6,LAX,SFO,36.0
2019,6,MAA,HYD,21.6
2019,6,LAX,BOM,21.2
2019,6,LAX,BLR,25.5
2019,7,CCU,SFO,34.2
2019,7,BOM,LHR,23.5
2019,7,HYD,AMD,12.3
2019,7,DXB,MAA,25.9
2019,7,DXB,BOM,38.1
2019,7,SFO,CCU,30.4
2019,7,BOM,SFO,23.2
2019,7,LHR,BOM,19.8
2019,7,DEL,BOM,27.1
2019,7,BOM,AMD,19.7
2019,7,DXB,PNQ,25.2
2019,7,BOM,SFO,27.7
2019,7,PNQ,LHR,29.0
2019,7,DXB,BLR,27.8
2019,7,CCU,MAA,26.4
2019,7,DXB,HYD,32.0
2019,7,HYD,DEL,21.1
2019,7,DEL,LHR,26.5
2019,7,BOM,DEL,32.0
2019,7,DEL,LAX,20.2
2019,8,LHR,DXB,24.0
2019,8,MAA,BLR,27.8
2019,8,HYD,BLR,22.8
2019,8,DXB,CCU,33.9
2019,8,SFO,DEL,23.7
2019,8,DXB,LHR,23.0
2019,8,BLR,CCU,27.3
2019,8,HYD,CCU,16.0
2019,8,LAX,SFO,12.7
2019,8,BLR,BOM,27.1
2019,8,DEL,CCU,14.5
2019,8,PNQ,DXB,11.7
2019,8,PNQ,DXB,23.7
2019,8,BOM,HYD,19.7
2019,8,AMD,DXB,40.7
2019,8,BOM,BLR,22.3
2019,8,LAX,BLR,33.4
2019,8,AMD,BOM,13.9
2019,8,DEL,SFO,16.3
2019,8,AMD,HYD,37.1
2019,9,DEL,BOM,21.5
2019,9,CCU,DXB,18.2
2019,9,MAA,DEL,15.9
2019,9,BOM,LAX,15.6
2019,9,MAA,SFO,10.5
2019,9,SFO,BLR,16.7
2019,9,DXB,LHR,17.3
2019,9,PNQ,BOM,11.9
2019,9,SFO,LAX,13.7
2019,9,PNQ,CCU,7.8
2019,9,BLR,LAX,14.7
2019,9,DXB,CCU,3.6
2019,9,LHR,LAX,7.1
2019,9,MAA,LAX,22.4
2019,9,LAX,BLR,14.2
2019,9,LAX,CCU,11.1
2019,9,MAA,BLR,12.9
2019,9,DXB,BLR,18.3
2019,9,MAA,SFO,27.2
2019,9,BLR,HYD,16.4
2019,10,SFO,LHR,14.7
2019,10,DEL,MAA,14.0
2019,10,MAA,LAX,19.4
2019,10,DXB,HYD,19.2
2019,10,LAX,LHR,7.3
2019,10,CCU,LHR,14.2
2019,10,AMD,BLR,19.4
2019,10,HYD,MAA,19.7
2019,10,DXB,BLR,14.3
2019,10,HYD,LAX,12.1
2019,10,CCU,SFO,15.1
2019,10,BLR,CCU,18.1
2019,10,AMD,LHR,17.3
2019,10,CCU,LHR,11.0
2019,10,CCU,PNQ,24.1
2019,10,LAX,BLR,11.0
2019,10,HYD,SFO,7.7
2019,10,HYD,BLR,20.3
2019,10,DEL,BLR,16.1
2019,10,LHR,DEL,12.0
2019,11,MAA,SFO,23.3
2019,11,BLR,DEL,24.1
2019,11,BLR,SFO,28.4
2019,11,LHR,PNQ,5.7
2019,11,HYD,PNQ,11.5
2019,11,PNQ,BLR,21.0
2019,11,BOM,LHR,14.9
2019,11,BOM,SFO,18.6
2019,11,BOM,CCU,25.0
2019,11,LAX,MAA,17.2
2019,11,BOM,CCU,23.0
2019,11,DEL,LAX,8.6
2019,11,CCU,BLR,10.1
2019,11,LHR,HYD,11.8
2019,11,PNQ,DEL,15.2
2019,11,MAA,LHR,14.1
2019,11,PNQ,CCU,10.6
2019,11,BOM,LAX,12.9
2019,11,LHR,DXB,14.9
2019,11,PNQ,HYD,18.4
2019,12,LHR,HYD,41.8
2019,12,BOM,DEL,47.4
2019,12,CCU,SFO,26.9
2019,12,AMD,DXB,37.2
2019,12,HYD,LAX,24.2
2019,12,HYD,DEL,31.0
2019,12,CCU,LHR,38.0
2019,12,SFO,LAX,24.2
2019,12,SFO,BLR,30.1
2019,12,LHR,HYD,19.0
2019,12,DEL,DXB,20.5
2019,12,LHR,BLR,31.5
2019,12,SFO,BLR,36.3
2019,12,AMD,DEL,16.0
2019,12,SFO,HYD,27.8
2019,12,DXB,BLR,46.5
2019,12,DXB,CCU,18.1
2019,12,HYD,SFO,40.1
2019,12,AMD,MAA,33.4
2019,12,LHR,HYD,14.4
2020,1,DXB,BOM,16.4
2020,1,BOM,BLR,37.2
2020,1,AMD,CCU,29.5
2020,1,SFO,LHR,35.1
2020,1,CCU,DXB,29.4
2020,1,SFO,MAA,30.6
2020,1,HYD,BLR,38.6
2020,1,BOM,DEL,11.1
2020,1,PNQ,BLR,20.7
2020,1,LAX,CCU,26.7
2020,1,CCU,SFO,10.2
2020,1,LAX,DXB,15.8
2020,1,MAA,SFO,17.8
2020,1,MAA,BLR,38.2
2020,1,HYD,BLR,32.7
2020,1,DXB,CCU,15.3
2020,1,DEL,PNQ,48.0
2020,1,LAX,LHR,25.6
2020,1,MAA,CCU,23.7
2020,1,DXB,LHR,17.6
2020,2,PNQ,BOM,34.4
2020,2,CCU,AMD,21.5
2020,2,BOM,LHR,27.6
2020,2,LHR,MAA,16.1
2020,2,AMD,LHR,35.9
2020,2,LHR,BLR,30.1
2020,2,LHR,MAA,23.6
2020,2,HYD,DEL,32.3
2020,2,HYD,BLR,24.9
2020,2,AMD,HYD,22.0
2020,2,AMD,BOM,15.8
2020,2,DXB,DEL,3.3
2020,2,DXB,PNQ,6.8
2020,2,HYD,DEL,18.5
2020,2,LAX,DEL,25.8
2020,2,AMD,BOM,44.5
2020,2,HYD,DEL,36.5
2020,2,PNQ,BLR,26.8
2020,2,MAA,SFO,7.0
2020,2,MAA,LAX,7.4
2020,3,SFO,LHR,15.5
2020,3,HYD,LAX,16.0
2020,3,DEL,PNQ,12.8
2020,3,BOM,CCU,13.1
2020,3,LHR,LAX,13.8
2020,3,AMD,LHR,17.1
2020,3,MAA,LHR,9.9
2020,3,BLR,MAA,14.9
2020,3,BLR,DXB,11.8
2020,3,CCU,MAA,16.1
2020,3,DEL,BOM,16.5
2020,3,LAX,AMD,15.0
2020,3,HYD,AMD,17.5
2020,3,DEL,MAA,16.2
2020,3,HYD,BLR,19.2
2020,3,CCU,DXB,17.2
2020,3,CCU,HYD,25.2
2020,3,MAA,HYD,15.6
2020,3,BLR,LHR,11.6
2020,3,MAA,AMD,9.2
2020,4,BOM,BLR,11.6
2020,4,DXB,AMD,21.8
2020,4,LAX,CCU,18.1
2020,4,CCU,LAX,9.5
2020,4,CCU,AMD,14.3
2020,4,BOM,MAA,13.0
2020,4,BLR,LAX,7.5
2020,4,SFO,LHR,25.6
2020,4,HYD,CCU,21.2
2020,4,LHR,MAA,20.2
2020,4,PNQ,AMD,13.3
2020,4,AMD,LHR,13.6
2020,4,BOM,BLR,15.0
2020,4,PNQ,HYD,22.2
2020,4,BLR,DEL,17.8
2020,4,BLR,DXB,12.0
2020,4,SFO,MAA,11.0
2020,4,DXB,LHR,5.8
2020,4,HYD,LHR,17.5
2020,4,PNQ,DEL,10.1
2020,5,CCU,LAX,25.2
2020,5,PNQ,LAX,13.8
2020,5,DXB,BLR,6.7
2020,5,DEL,LAX,6.1
2020,5,PNQ,CCU,12.4
2020,5,MAA,HYD,16.0
2020,5,SFO,LHR,9.4
2020,5,BLR,PNQ,18.6
2020,5,BOM,HYD,8.5
2020,5,LAX,DXB,31.1
2020,5,HYD,AMD,23.3
2020,5,BLR,LAX,13.0
2020,5,MAA,DXB,20.5
2020,5,HYD,PNQ,18.9
2020,5,AMD,CCU,16.9
2020,5,DXB,PNQ,5.7
2020,5,AMD,SFO,19.5
2020,5,CCU,BLR,5.1
2020,5,DXB,LAX,12.9
2020,5,AMD,HYD,11.3
2020,6,PNQ,HYD,12.4
2020,6,BOM,BLR,16.3
2020,6,AMD,CCU,14.2
2020,6,BLR,SFO,38.6
2020,6,PNQ,LAX,32.4
2020,6,AMD,BOM,13.8
2020,6,PNQ,DXB,41.9
2020,6,MAA,BLR,0.0
2020,6,DEL,LHR,8.3
2020,6,PNQ,AMD,22.6
2020,6,LHR,DEL,17.6
2020,6,AMD,CCU,30.3
2020,6,DXB,LAX,20.3
2020,6,CCU,MAA,16.5
2020,6,LAX,DEL,31.0
2020,6,DEL,BLR,37.6
2020,6,DXB,LAX,22.2
2020,6,LHR,SFO,26.3
2020,6,DXB,SFO,29.7
2020,6,PNQ,LHR,24.7
2020,7,HYD,MAA,14.9
2020,7,BOM,LHR,30.0
2020,7,DXB,LHR,14.8
2020,7,CCU,AMD,26.2
2020,7,MAA,SFO,24.1
2020,7,LAX,DXB,37.8
2020,7,MAA,DEL,34.7
2020,7,DEL,MAA,18.3
2020,7,BOM,PNQ,18.7
2020,7,DXB,BOM,19.8
2020,7,MAA,LAX,25.4
2020,7,LAX,DXB,10.2
2020,7,PNQ,DEL,23.9
2020,7,LAX,MAA,37.3
2020,7,BLR,PNQ,28.5
2020,7,MAA,DXB,22.6
2020,7,AMD,BOM,32.1
2020,7,BOM,SFO,29.1
2020,7,DEL,CCU,28.8
2020,7,DXB,LAX,29.2
2020,8,HYD,BLR,18.2
2020,8,MAA,PNQ,24.5
2020,8,DEL,CCU,4.4
2020,8,CCU,PNQ,24.4
2020,8,PNQ,CCU,19.8
2020,8,BOM,BLR,24.6
2020,8,SFO,CCU,20.5
2020,8,DXB,MAA,28.3
2020,8,HYD,BLR,9.0
2020,8,CCU,DEL,21.9
2020,8,DEL,BLR,21.7
2020,8,DEL,DXB,42.3
2020,8,BLR,LHR,24.6
2020,8,DXB,PNQ,22.8
2020,8,PNQ,HYD,18.8
2020,8,LAX,SFO,30.2
2020,8,HYD,BOM,19.2
2020,8,SFO,CCU,27.9
2020,8,DXB,BLR,19.3
2020,8,AMD,MAA,29.2
2020,9,SFO,LAX,11.9
2020,9,BOM,HYD,2.4
2020,9,CCU,AMD,19.5
2020,9,AMD,DXB,21.4
2020,9,AMD,BOM,19.4
2020,9,CCU,PNQ,7.7
2020,9,SFO,LHR,14.2
2020,9,LHR,SFO,13.5
2020,9,MAA,BLR,8.0
2020,9,LAX,DXB,9.4
2020,9,BOM,LHR,15.8
2020,9,SFO,AMD,17.0
2020,9,HYD,AMD,18.3
2020,9,CCU,PNQ,14.7
2020,9,DEL,LHR,14.8
2020,9,DXB,PNQ,10.5
2020,9,MAA,AMD,13.1
2020,9,BLR,DXB,16.8
2020,9,DXB,DEL,12.5
2020,9,LHR,SFO,17.2
2020,10,CCU,DEL,22.2
2020,10,LHR,BLR,15.2
2020,10,LHR,BOM,9.0
2020,10,LAX,MAA,16.3
2020,10,DXB,DEL,11.4
2020,10,DEL,BOM,18.2
2020,10,LHR,BLR,12.5
2020,10,LAX,BLR,16.5
2020,10,LHR,LAX,13.7
2020,10,LHR,BLR,14.5
2020,10,BLR,LHR,15.3
2020,10,BOM,CCU,18.7
2020,10,BOM,MAA,12.3
2020,10,DXB,MAA,29.9
2020,10,AMD,CCU,17.1
2020,10,SFO,DEL,17.0
2020,10,BLR,MAA,11.4
2020,10,AMD,BLR,15.1
2020,10,BLR,SFO,15.9
2020,10,PNQ,AMD,13.7
2020,11,DXB,LAX,13.6
2020,11,AMD,MAA,9.4
2020,11,CCU,HYD,22.6
2020,11,CCU,HYD,10.3
2020,11,AMD,BLR,13.4
2020,11,HYD,LAX,13.6
2020,11,SFO,PNQ,20.5
2020,11,PNQ,AMD,14.5
2020,11,CCU,BLR,19.0
2020,11,SFO,DEL,16.2
2020,11,DXB,BOM,11.6
2020,11,BOM,LAX,5.4
2020,11,SFO,LHR,11.4
2020,11,BOM,SFO,12.3
2020,11,HYD,BOM,1.6
2020,11,LAX,HYD,15.3
2020,11,PNQ,BOM,9.3
2020,11,PNQ,SFO,17.7
2020,11,LAX,LHR,12.3
2020,11,HYD,MAA,20.9
2020,12,AMD,BLR,13.7
2020,12,CCU,BOM,35.8
2020,12,BLR,LHR,41.4
2020,12,BOM,SFO,25.0
2020,12,LAX,DXB,27.5
2020,12,PNQ,MAA,34.1
2020,12,MAA,DXB,19.0
2020,12,HYD,BLR,40.0
2020,12,CCU,SFO,25.4
2020,12,SFO,AMD,21.4
2020,12,BLR,LHR,15.0
2020,12,MAA,LHR,16.5
2020,12,LAX,DEL,61.7
2020,12,PNQ,DXB,15.0
2020,12,AMD,PNQ,54.0
2020,12,CCU,PNQ,38.2
2020,12,BOM,AMD,13.3
2020,12,SFO,MAA,9.6
2020,12,CCU,PNQ,41.8
2020,12,BOM,LAX,37.5
2021,1,AMD,HYD,0.0
2021,1,MAA,DXB,52.2
2021,1,BLR,BOM,17.8
2021,1,DEL,AMD,28.9
2021,1,PNQ,MAA,23.5
2021,1,MAA,LHR,26.1
2021,1,BOM,DXB,40.5
2021,1,BOM,AMD,25.8
2021,1,BOM,BLR,22.6
2021,1,AMD,MAA,43.0
2021,1,DXB,SFO,13.9
2021,1,AMD,DEL,19.1
2021,1,DXB,BLR,23.8
2021,1,BLR,AMD,32.5
2021,1,PNQ,AMD,24.3
2021,1,AMD,BLR,22.5
2021,1,CCU,DEL,26.3
2021,1,DEL,BOM,19.8
2021,1,HYD,MAA,12.0
2021,1,SFO,DXB,26.6
2021,2,AMD,DEL,30.5
2021,2,MAA,BOM,52.4
2021,2,HYD,BLR,42.3
2021,2,DXB,BLR,26.5
2021,2,PNQ,LHR,31.5
2021,2,CCU,LAX,33.6
2021,2,SFO,DXB,42.7
2021,2,PNQ,DXB,55.8
2021,2,PNQ,AMD,43.5
2021,2,SFO,MAA,30.9
2021,2,BOM,DEL,25.1
2021,2,LAX,LHR,50.7
2021,2,PNQ,DEL,47.5
2021,2,PNQ,DEL,27.5
2021,2,BOM,BLR,59.8
2021,2,DXB,DEL,19.5
2021,2,AMD,BLR,41.3
2021,2,DXB,MAA,13.1
2021,2,DEL,SFO,29.0
2021,2,LHR,AMD,26.0
2021,3,DEL,PNQ,15.9
2021,3,LAX,BLR,14.5
2021,3,BLR,DXB,10.9
2021,3,DXB,BOM,19.7
2021,3,DEL,AMD,17.8
2021,3,BOM,SFO,17.4
2021,3,LHR,DEL,13.1
2021,3,PNQ,CCU,15.5
2021,3,HYD,BLR,21.6
2021,3,HYD,DEL,12.0
2021,3,BOM,DEL,17.0
2021,3,BLR,CCU,15.0
2021,3,LAX,DXB,23.2
2021,3,DEL,CCU,16.6
2021,3,BLR,LHR,10.0
2021,3,LAX,BOM,12.4
2021,3,DEL,LAX,12.4
2021,3,MAA,LHR,8.8
2021,3,LHR,CCU,33.0
2021,3,LHR,CCU,13.2
2021,4,SFO,AMD,14.0
2021,4,DXB,PNQ,24.6
2021,4,DXB,CCU,16.6
2021,4,DXB,AMD,13.7
2021,4,HYD,CCU,14.8
2021,4,HYD,PNQ,13.8
2021,4,BOM,HYD,16.3
2021,4,BLR,DEL,25.2
2021,4,BOM,HYD,15.9
2021,4,CCU,DEL,12.9
2021,4,HYD,DXB,6.0
2021,4,HYD,BOM,15.9
2021,4,AMD,LHR,22.1
2021,4,MAA,DEL,17.7
2021,4,LHR,MAA,18.7
2021,4,HYD,BOM,10.9
2021,4,LHR,AMD,13.3
2021,4,DXB,LHR,17.1
2021,4,CCU,LAX,13.7
2021,4,BOM,DEL,17.7
2021,5,BLR,LHR,13.1
2021,5,LAX,LHR,22.9
2021,5,CCU,BOM,12.2
2021,5,LAX,MAA,14.6
2021,5,BOM,DXB,9.2
2021,5,CCU,HYD,14.0
2021,5,LAX,HYD,17.0
2021,5,MAA,PNQ,5.9
2021,5,CCU,LHR,12.4
2021,5,DEL,CCU,18.7
2021,5,AMD,CCU,12.3
2021,5,DXB,PNQ,12.6
2021,5,HYD,LAX,21.7
2021,5,DXB,BOM,20.7
2021,5,MAA,BLR,15.7
2021,5,BOM,PNQ,22.3
2021,5,CCU,HYD,9.6
2021,5,AMD,LAX,21.5
2021,5,SFO,AMD,16.5
2021,5,BLR,BOM,21.9
2021,6,HYD,BOM,26.1
2021,6,AMD,MAA,40.8
2021,6,CCU,DXB,3.5
2021,6,DXB,CCU,28.2
2021,6,DXB,DEL,50.7
2021,6,DXB,BLR,21.3
2021,6,CCU,AMD,13.8
2021,6,HYD,SFO,23.6
2021,6,LHR,PNQ,27.9
2021,6,DXB,DEL,23.1
2021,6,LHR,BLR,35.4
2021,6,LHR,DEL,21.1
2021,6,LAX,LHR,48.2
2021,6,SFO,HYD,25.0
2021,6,LAX,CCU,28.4
2021,6,CCU,LAX,15.2
2021,6,CCU,SFO,24.6
2021,6,MAA,DEL,14.7
2021,6,BLR,SFO,33.8
2021,6,LAX,DXB,31.7
2021,7,PNQ,MAA,20.0
2021,7,BLR,SFO,17.7
2021,7,BOM,BLR,28.9
2021,7,AMD,BOM,17.5
2021,7,BLR,MAA,40.9
2021,7,BLR,DXB,40.5
2021,7,CCU,SFO,25.3
2021,7,AMD,LHR,10.7
2021,7,HYD,LAX,41.4
2021,7,LAX,PNQ,17.5
2021,7,DEL,MAA,26.1
2021,7,BOM,BLR,28.5
2021,7,HYD,MAA,24.7
2021,7,BOM,LAX,31.4
2021,7,PNQ,SFO,36.5
2021,7,LHR,BOM,28.5
2021,7,DXB,BOM,41.5
2021,7,DEL,CCU,26.2
2021,7,LAX,BOM,5.9
2021,7,LAX,AMD,12.1
2021,8,LAX,PNQ,18.6
2021,8,SFO,CCU,20.8
2021,8,LAX,BOM,44.1
2021,8,HYD,LAX,27.4
2021,8,LAX,BOM,27.8
2021,8,PNQ,CCU,24.8
2021,8,MAA,PNQ,29.0
2021,8,DXB,AMD,17.0
2021,8,HYD,PNQ,14.7
2021,8,AMD,LAX,13.4
2021,8,MAA,HYD,13.6
2021,8,BLR,CCU,27.6
2021,8,MAA,DXB,30.3
2021,8,SFO,BOM,33.3
2021,8,MAA,HYD,9.0
2021,8,DXB,BOM,13.5
2021,8,SFO,LAX,40.8
2021,8,LHR,MAA,29.5
2021,8,MAA,HYD,35.6
2021,8,SFO,AMD,33.0
2021,9,LHR,MAA,6.3
2021,9,PNQ,DXB,9.8
2021,9,MAA,HYD,15.9
2021,9,CCU,LAX,11.0
2021,9,AMD,BLR,11.2
2021,9,LAX,BOM,17.7
2021,9,DEL,AMD,9.7
2021,9,MAA,CCU,11.2
2021,9,AMD,MAA,14.8
2021,9,PNQ,CCU,19.5
2021,9,LHR,PNQ,21.6
2021,9,PNQ,MAA,21.1
2021,9,DEL,LAX,10.6
2021,9,PNQ,AMD,23.5
2021,9,PNQ,DEL,15.7
2021,9,DEL,LAX,14.4
2021,9,SFO,DXB,11.8
2021,9,AMD,DXB,12.3
2021,9,SFO,LHR,14.8
2021,9,CCU,AMD,18.7
2021,10,CCU,SFO,17.1
2021,10,HYD,BOM,19.5
2021,10,SFO,LHR,18.0
2021,10,DEL,LHR,3.7
2021,10,SFO,LAX,14.9
2021,10,BOM,MAA,10.0
2021,10,MAA,AMD,8.0
2021,10,DXB,PNQ,20.1
2021,10,LAX,CCU,16.3
2021,10,MAA,DEL,24.9
2021,10,BLR,CCU,8.3
2021,10,CCU,LHR,6.7
2021,10,PNQ,DXB,22.1
2021,10,DXB,BLR,15.4
2021,10,AMD,CCU,11.2
2021,10,AMD,LHR,18.1
2021,10,DXB,LHR,17.8
2021,10,PNQ,LAX,18.2
2021,10,BLR,MAA,21.0
2021,10,CCU,LAX,14.2
2021,11,DXB,PNQ,20.2
2021,11,AMD,SFO,15.2
2021,11,DEL,MAA,20.3
2021,11,SFO,MAA,21.7
2021,11,MAA,BLR,5.3
2021,11,BOM,LHR,20.0
2021,11,AMD,PNQ,11.4
2021,11,LAX,AMD,15.1
2021,11,DEL,BOM,13.8
2021,11,DEL,SFO,17.9
2021,11,DXB,CCU,23.2
2021,11,DXB,DEL,17.3
2021,11,HYD,BLR,15.9
2021,11,PNQ,MAA,13.2
2021,11,BOM,LHR,9.6
2021,11,AMD,SFO,12.4
2021,11,DEL,AMD,19.1
2021,11,PNQ,LHR,22.6
2021,11,PNQ,DXB,4.9
2021,11,DXB,LAX,16.2
2021,12,BLR,SFO,21.2
2021,12,SFO,LAX,49.8
2021,12,DEL,AMD,45.4
2021,12,HYD,PNQ,35.5
2021,12,DXB,CCU,36.4
2021,12,PNQ,AMD,23.6
2021,12,PNQ,BOM,30.8
2021,12,DEL,PNQ,11.0
2021,12,LHR,AMD,28.9
2021,12,CCU,BOM,48.7
2021,12,BLR,PNQ,27.5
2021,12,PNQ,CCU,27.7
2021,12,PNQ,BLR,21.7
2021,12,DEL,CCU,31.0
2021,12,AMD,BLR,26.3
2021,12,PNQ,MAA,30.2
2021,12,MAA,LHR,32.5
2021,12,CCU,DEL,25.8
2021,12,LHR,BLR,30.1
2021,12,AMD,BOM,36.3
2022,1,SFO,HYD,24.4
2022,1,LAX,PNQ,38.4
2022,1,LHR,SFO,7.6
2022,1,LHR,AMD,17.7
2022,1,CCU,MAA,24.4
2022,1,SFO,BOM,24.6
2022,1,DEL,BOM,21.5
2022,1,SFO,LHR,42.5
2022,1,LHR,LAX,23.7
2022,1,PNQ,LHR,17.4
2022,1,LAX,DXB,37.0
2022,1,DXB,BLR,56.8
2022,1,HYD,DXB,15.0
2022,1,DEL,LHR,47.5
2022,1,BLR,HYD,42.2
2022,1,HYD,AMD,45.0
2022,1,DXB,LHR,18.4
2022,1,DEL,CCU,29.0
2022,1,DEL,PNQ,18.1
2022,1,PNQ,MAA,34.9
2022,2,LAX,AMD,25.7
2022,2,MAA,AMD,18.2
2022,2,AMD,BOM,34.4
2022,2,AMD,LAX,30.8
2022,2,CCU,DXB,16.9
2022,2,HYD,AMD,57.3
2022,2,LAX,BOM,40.0
2022,2,CCU,SFO,20.9
2022,2,CCU,AMD,28.7
2022,2,MAA,LAX,27.7
2022,2,SFO,DXB,49.6
2022,2,DXB,DEL,44.3
2022,2,HYD,PNQ,17.3
2022,2,MAA,PNQ,40.3
2022,2,SFO,PNQ,35.9
2022,2,MAA,SFO,34.0
2022,2,SFO,DEL,30.7
2022,2,CCU,LAX,18.3
2022,2,BLR,LAX,10.0
2022,2,LAX,HYD,44.0
2022,3,SFO,BLR,14.7
2022,3,PNQ,LHR,13.5
2022,3,SFO,HYD,17.4
2022,3,MAA,LHR,8.8
2022,3,BLR,BOM,17.5
2022,3,AMD,CCU,21.9
2022,3,PNQ,SFO,19.7
2022,3,BOM,LHR,17.0
2022,3,PNQ,LHR,15.0
2022,3,PNQ,LHR,12.2
2022,3,DXB,SFO,21.7
2022,3,CCU,HYD,20.9
2022,3,BLR,DEL,15.0
2022,3,DXB,DEL,16.3
2022,3,LAX,CCU,19.1
2022,3,BLR,SFO,13.0
2022,3,DXB,LHR,13.3
2022,3,BOM,DXB,10.1
2022,3,DXB,BOM,14.0
2022,3,BLR,PNQ,18.1
2022,4,BLR,LAX,17.8
2022,4,BLR,AMD,15.8
2022,4,CCU,AMD,17.8
2022,4,PNQ,DXB,14.9
2022,4,BOM,CCU,14.3
2022,4,PNQ,SFO,11.3
2022,4,SFO,DXB,20.4
2022,4,HYD,LHR,18.8
2022,4,DXB,SFO,14.6
2022,4,PNQ,DEL,25.9
2022,4,CCU,HYD,20.3
2022,4,BOM,LAX,13.6
2022,4,MAA,CCU,2.9
2022,4,BOM,PNQ,14.2
2022,4,PNQ,DXB,21.2
2022,4,DXB,AMD,18.6
2022,4,BOM,BLR,26.4
2022,4,BOM,HYD,9.3
2022,4,DEL,HYD,10.4
2022,4,HYD,AMD,12.8
2022,5,BLR,DEL,12.6
2022,5,SFO,CCU,20.2
2022,5,MAA,HYD,27.0
2022,5,BOM,HYD,17.3
2022,5,CCU,PNQ,26.4
2022,5,BOM,LAX,16.0
2022,5,AMD,MAA,24.5
2022,5,BOM,HYD,21.9
2022,5,AMD,PNQ,15.4
2022,5,MAA,HYD,11.0
2022,5,LAX,BLR,22.8
2022,5,BOM,PNQ,21.1
2022,5,BLR,LAX,18.5
2022,5,DXB,MAA,16.5
2022,5,MAA,HYD,10.2
2022,5,DEL,LHR,13.7
2022,5,BLR,CCU,19.6
2022,5,BOM,CCU,16.0
2022,5,DXB,PNQ,23.3
2022,5,CCU,MAA,16.2
2022,6,LHR,AMD,24.1
2022,6,AMD,LAX,14.7
2022,6,PNQ,DEL,21.7
2022,6,MAA,BOM,22.7
2022,6,AMD,SFO,7.1
2022,6,AMD,BOM,18.5
2022,6,CCU,DXB,16.5
2022,6,CCU,DEL,35.4
2022,6,BOM,AMD,16.6
2022,6,MAA,LHR,26.7
2022,6,CCU,DXB,26.7
2022,6,BOM,DEL,32.9
2022,6,SFO,BOM,26.1
2022,6,SFO,BLR,25.9
2022,6,HYD,LHR,26.0
2022,6,DEL,BOM,19.6
2022,6,SFO,BLR,18.6
2022,6,PNQ,DXB,27.4
2022,6,LAX,LHR,22.5
2022,6,LHR,MAA,13.9
2022,7,LAX,CCU,28.2
2022,7,CCU,PNQ,17.2
2022,7,DEL,PNQ,20.3
2022,7,DXB,SFO,37.8
2022,7,PNQ,BOM,36.7
2022,7,DEL,MAA,20.0
2022,7,BLR,DXB,20.3
2022,7,LAX,DXB,24.1
2022,7,DEL,PNQ,36.7
2022,7,BOM,LAX,20.2
2022,7,AMD,CCU,12.0
2022,7,AMD,BOM,30.9
2022,7,DEL,BOM,30.5
2022,7,AMD,LHR,25.2
2022,7,PNQ,SFO,18.0
2022,7,BLR,DEL,19.3
2022,7,DEL,BOM,21.6
2022,7,HYD,DEL,26.5
2022,7,HYD,BOM,22.8
2022,7,DEL,AMD,16.7
2022,8,CCU,SFO,12.9
2022,8,BOM,AMD,25.3
2022,8,LAX,AMD,22.1
2022,8,MAA,DEL,20.8
2022,8,DEL,LHR,28.8
2022,8,LHR,DEL,26.5
2022,8,DEL,LHR,43.4
2022,8,BLR,DEL,19.4
2022,8,HYD,DEL,0.0
2022,8,DXB,HYD,18.5
2022,8,AMD,DEL,16.8
2022,8,AMD,PNQ,20.8
2022,8,CCU,AMD,26.3
2022,8,MAA,AMD,17.5
2022,8,SFO,LAX,15.1
2022,8,PNQ,DEL,29.5
2022,8,CCU,LHR,8.1
2022,8,DEL,LAX,30.0
2022,8,SFO,HYD,17.1
2022,8,SFO,BLR,17.8
2022,9,CCU,BLR,13.4
2022,9,CCU,MAA,6.7
2022,9,LAX,AMD,21.9
2022,9,BLR,DXB,15.7
2022,9,DXB,DEL,12.0
2022,9,CCU,LAX,15.4
2022,9,MAA,AMD,13.5
2022,9,BOM,LAX,4.6
2022,9,SFO,DXB,9.0
2022,9,DXB,HYD,8.6
2022,9,LHR,DXB,23.8
2022,9,DXB,DEL,17.5
2022,9,AMD,LAX,12.1
2022,9,BLR,CCU,12.0
2022,9,MAA,AMD,14.5
2022,9,BLR,PNQ,10.2
2022,9,MAA,BOM,8.7
2022,9,PNQ,BLR,19.3
2022,9,BOM,MAA,13.9
2022,9,AMD,DXB,14.5
2022,10,PNQ,DEL,13.7
2022,10,LAX,PNQ,20.8
2022,10,DXB,HYD,15.8
2022,10,SFO,DEL,16.4
2022,10,LAX,LHR,12.1
2022,10,DXB,AMD,10.7
2022,10,HYD,DEL,20.9
2022,10,CCU,AMD,22.9
2022,10,DXB,HYD,18.7
2022,10,DXB,BLR,16.9
2022,10,DXB,BOM,19.6
2022,10,MAA,HYD,9.1
2022,10,PNQ,MAA,23.0
2022,10,BOM,DEL,13.1
2022,10,BLR,AMD,22.2
2022,10,HYD,AMD,12.7
2022,10,HYD,CCU,15.7
2022,10,LHR,BLR,9.0
2022,10,DXB,HYD,15.7
2022,10,LHR,BOM,12.7
2022,11,DXB,CCU,17.2
2022,11,BOM,HYD,20.6
2022,11,LAX,LHR,24.8
2022,11,CCU,BLR,7.9
2022,11,LHR,PNQ,17.7
2022,11,PNQ,LHR,15.9
2022,11,LAX,DXB,22.7
2022,11,LHR,HYD,10.4
2022,11,CCU,BLR,10.1
2022,11,CCU,BOM,16.4
2022,11,DXB,BOM,13.1
2022,11,PNQ,LHR,10.6
2022,11,PNQ,SFO,18.4
2022,11,BOM,DEL,15.8
2022,11,HYD,MAA,21.5
2022,11,LAX,MAA,10.7
2022,11,AMD,PNQ,14.8
2022,11,AMD,HYD,12.3
2022,11,CCU,PNQ,26.2
2022,11,AMD,SFO,15.4
2022,12,PNQ,CCU,41.8
2022,12,MAA,BLR,35.0
2022,12,MAA,LAX,20.9
2022,12,AMD,BOM,20.0
2022,12,MAA,AMD,35.1
2022,12,PNQ,MAA,44.2
2022,12,BLR,DXB,29.2
2022,12,CCU,AMD,1.6
2022,12,LHR,BOM,28.8
2022,12,BLR,LHR,52.2
2022,12,BOM,SFO,15.2
2022,12,MAA,CCU,46.4
2022,12,SFO,LHR,17.9
2022,12,CCU,PNQ,34.8
2022,12,BLR,LAX,7.6
2022,12,DXB,HYD,26.2
2022,12,MAA,DEL,53.0
2022,12,SFO,LAX,25.9
2022,12,MAA,DXB,27.9
2022,12,LHR,DXB,30.0
2023,1,MAA,CCU,45.2
2023,1,SFO,DEL,34.1
2023,1,AMD,HYD,39.6
2023,1,SFO,CCU,55.7
2023,1,DXB,PNQ,58.6
2023,1,CCU,BOM,32.2
2023,1,MAA,SFO,30.3
2023,1,HYD,BLR,14.8
2023,1,CCU,HYD,26.7
2023,1,DXB,SFO,44.6
2023,1,AMD,SFO,32.0
2023,1,BLR,DEL,56.3
2023,1,MAA,LAX,18.2
2023,1,DXB,CCU,41.5
2023,1,HYD,AMD,0.6
2023,1,DXB,CCU,16.9
2023,1,BLR,CCU,29.9
2023,1,BOM,LHR,22.1
2023,1,CCU,BOM,47.2
2023,1,SFO,HYD,19.3
2023,2,DEL,BLR,39.6
2023,2,CCU,LAX,20.5
2023,2,SFO,BOM,34.3
2023,2,SFO,DXB,29.7
2023,2,LHR,AMD,23.2
2023,2,BOM,BLR,41.3
2023,2,LAX,SFO,16.9
2023,2,LAX,PNQ,32.6
2023,2,HYD,DXB,47.5
2023,2,LAX,DXB,29.1
2023,2,LAX,AMD,21.9
2023,2,PNQ,CCU,28.7
2023,2,MAA,SFO,15.5
2023,2,PNQ,BLR,0.0
2023,2,CCU,SFO,32.7
2023,2,BLR,BOM,17.1
2023,2,PNQ,BLR,13.2
2023,2,CCU,HYD,15.2
2023,2,BLR,SFO,20.0
2023,2,CCU,LHR,18.3
2023,3,HYD,BLR,10.0
2023,3,HYD,CCU,5.2
2023,3,LHR,SFO,10.9
2023,3,BLR,CCU,13.3
2023,3,BLR,AMD,14.6
2023,3,BOM,BLR,20.3
2023,3,HYD,MAA,25.0
2023,3,CCU,PNQ,12.4
2023,3,AMD,SFO,14.5
2023,3,BOM,DEL,7.9
2023,3,CCU,DXB,15.2
2023,3,LAX,DEL,14.8
2023,3,LHR,DXB,12.5
2023,3,HYD,BOM,20.3
2023,3,BOM,DEL,11.2
2023,3,PNQ,MAA,17.9
2023,3,HYD,LHR,14.4
2023,3,AMD,BLR,14.6
2023,3,CCU,HYD,14.4
2023,3,BOM,MAA,13.3
2023,4,LHR,CCU,9.0
2023,4,HYD,SFO,9.1
2023,4,AMD,CCU,5.3
2023,4,MAA,HYD,18.8
2023,4,BLR,SFO,10.3
2023,4,HYD,AMD,17.0
2023,4,SFO,BOM,11.6
2023,4,BLR,DEL,19.9
2023,4,LAX,DXB,11.2
2023,4,DEL,LHR,14.3
2023,4,BOM,AMD,17.6
2023,4,HYD,LHR,13.0
2023,4,BLR,BOM,8.1
2023,4,BOM,LAX,13.8
2023,4,PNQ,SFO,20.0
2023,4,BLR,HYD,21.8
2023,4,CCU,LHR,18.9
2023,4,LHR,DEL,21.0
2023,4,AMD,SFO,0.9
2023,4,PNQ,BOM,23.8
2023,5,LHR,SFO,18.0
2023,5,LAX,AMD,10.6
2023,5,AMD,MAA,18.3
2023,5,CCU,DEL,17.6
2023,5,DEL,SFO,18.2
2023,5,MAA,BLR,20.8
2023,5,BLR,DXB,5.6
2023,5,BOM,DEL,17.7
2023,5,BOM,CCU,13.7
2023,5,LHR,CCU,14.1
2023,5,AMD,CCU,8.6
2023,5,DEL,SFO,10.8
2023,5,HYD,MAA,15.5
2023,5,HYD,DXB,6.6
2023,5,BOM,LHR,15.6
2023,5,SFO,PNQ,10.1
2023,5,AMD,DXB,17.1
2023,5,PNQ,BOM,16.4
2023,5,AMD,MAA,14.6
2023,5,SFO,MAA,17.8
2023,6,BOM,LHR,17.3
2023,6,DEL,HYD,31.6
2023,6,MAA,PNQ,18.7
2023,6,CCU,MAA,11.2
2023,6,MAA,BOM,38.3
2023,6,MAA,AMD,25.3
2023,6,CCU,DEL,35.6
2023,6,CCU,MAA,18.4
2023,6,PNQ,MAA,45.5
2023,6,AMD,LAX,42.5
2023,6,SFO,MAA,21.2
2023,6,DEL,HYD,29.2
2023,6,PNQ,BOM,7.4
2023,6,BLR,BOM,24.2
2023,6,MAA,LAX,9.6
2023,6,DXB,CCU,37.7
2023,6,LHR,PNQ,34.3
2023,6,MAA,CCU,15.0
2023,6,CCU,DEL,16.5
2023,6,DEL,CCU,29.6
2023,7,HYD,DXB,15.5
2023,7,SFO,BOM,15.8
2023,7,SFO,PNQ,21.9
2023,7,BLR,HYD,19.0
2023,7,AMD,BOM,25.8
2023,7,HYD,DEL,19.9
2023,7,SFO,AMD,12.0
2023,7,DEL,AMD,33.6
2023,7,PNQ,DXB,30.1
2023,7,DEL,LAX,32.3
2023,7,LAX,SFO,20.3
2023,7,LAX,DEL,28.0
2023,7,SFO,LAX,34.9
2023,7,AMD,MAA,31.8
2023,7,LHR,BOM,18.2
2023,7,LHR,BLR,38.0
2023,7,SFO,LHR,26.4
2023,7,BOM,LAX,22.2
2023,7,DXB,HYD,13.9
2023,7,BOM,LHR,23.6
2023,8,SFO,BOM,25.0
2023,8,CCU,BOM,20.5
2023,8,BOM,DEL,16.4
2023,8,MAA,DXB,13.4
2023,8,SFO,DEL,21.0
2023,8,LAX,DXB,24.2
2023,8,PNQ,HYD,13.5
2023,8,LAX,PNQ,38.2
2023,8,SFO,MAA,35.5
2023,8,MAA,AMD,31.0
2023,8,SFO,DXB,36.4
2023,8,LHR,BLR,28.4
2023,8,DEL,BLR,15.1
2023,8,MAA,BOM,19.1
2023,8,CCU,DXB,23.7
2023,8,LAX,PNQ,34.4
2023,8,LAX,DXB,14.2
2023,8,SFO,HYD,41.8
2023,8,CCU,LHR,34.9
2023,8,MAA,HYD,30.3
2023,9,BLR,LHR,15.4
2023,9,SFO,BLR,23.3
2023,9,MAA,DEL,6.4
2023,9,AMD,BLR,17.9
2023,9,AMD,HYD,12.6
2023,9,DXB,CCU,16.8
2023,9,DEL,LAX,24.6
2023,9,DEL,LAX,20.7
2023,9,HYD,DXB,20.0
2023,9,DEL,BLR,17.9
2023,9,SFO,BLR,20.3
2023,9,DXB,HYD,12.2
2023,9,AMD,HYD,20.5
2023,9,BOM,BLR,11.5
2023,9,DXB,AMD,12.5
2023,9,PNQ,AMD,15.6
2023,9,HYD,BOM,13.5
2023,9,PNQ,LAX,16.1
2023,9,AMD,SFO,12.2
2023,9,BLR,AMD,18.2
2023,10,DEL,AMD,10.7
2023,10,BLR,LAX,11.7
2023,10,MAA,AMD,10.6
2023,10,SFO,LAX,19.1
2023,10,CCU,PNQ,15.0
2023,10,AMD,SFO,13.8
2023,10,LAX,AMD,17.5
2023,10,LHR,SFO,18.6
2023,10,SFO,MAA,14.6
2023,10,CCU,HYD,15.2
2023,10,HYD,DXB,21.1
2023,10,BLR,SFO,14.9
2023,10,AMD,MAA,19.0
2023,10,CCU,LHR,17.6
2023,10,DEL,LHR,16.0
2023,10,LHR,MAA,14.1
2023,10,DXB,HYD,11.8
2023,10,HYD,DEL,9.1
2023,10,DEL,DXB,29.3
2023,10,BOM,HYD,15.5
2023,11,PNQ,AMD,12.9
2023,11,BOM,AMD,4.7
2023,11,LHR,LAX,12.1
2023,11,AMD,DXB,12.5
2023,11,HYD,SFO,17.0
2023,11,CCU,MAA,9.3
2023,11,BLR,BOM,13.9
2023,11,LHR,MAA,17.2
2023,11,AMD,SFO,16.1
2023,11,SFO,LAX,20.6
2023,11,AMD,MAA,16.0
2023,11,DXB,BOM,16.3
2023,11,SFO,PNQ,11.1
2023,11,SFO,BLR,10.9
2023,11,PNQ,BLR,14.3
2023,11,HYD,PNQ,19.3
2023,11,DEL,SFO,10.4
2023,11,HYD,MAA,21.1
2023,11,BOM,SFO,12.5
2023,11,LHR,MAA,5.6
2023,12,DEL,SFO,22.1
2023,12,BOM,AMD,13.7
2023,12,DXB,DEL,63.4
2023,12,BLR,SFO,33.0
2023,12,MAA,CCU,23.9
2023,12,AMD,HYD,36.3
2023,12,AMD,BLR,7.9
2023,12,DXB,DEL,35.6
2023,12,BOM,MAA,23.9
2023,12,MAA,LAX,18.0
2023,12,PNQ,DEL,11.9
2023,12,MAA,LHR,10.0
2023,12,BOM,CCU,41.5
2023,12,AMD,BLR,36.0
2023,12,DXB,BLR,13.8
2023,12,AMD,HYD,51.6
2023,12,BLR,SFO,35.1
2023,12,HYD,LAX,21.6
2023,12,BOM,DEL,31.3
2023,12,LHR,BOM,37.5
2024,1,CCU,DXB,26.0
2024,1,SFO,LHR,32.0
2024,1,LAX,PNQ,47.2
2024,1,DEL,CCU,35.5
2024,1,DXB,DEL,40.8
2024,1,LHR,BLR,18.3
2024,1,AMD,PNQ,47.6
2024,1,AMD,DXB,42.4
2024,1,BOM,LAX,25.2
2024,1,AMD,BOM,30.8
2024,1,DXB,MAA,33.6
2024,1,BLR,CCU,31.9
2024,1,DXB,LHR,29.6
2024,1,BOM,PNQ,46.6
2024,1,DXB,BOM,46.9
2024,1,MAA,BLR,28.9
2024,1,BLR,DXB,42.1
2024,1,BOM,LAX,52.0
2024,1,BLR,CCU,36.7
2024,1,DEL,PNQ,12.2
2024,2,DXB,DEL,40.9
2024,2,BOM,CCU,21.4
2024,2,DEL,PNQ,31.1
2024,2,AMD,SFO,37.2
2024,2,LAX,LHR,24.9
2024,2,SFO,LAX,8.0
2024,2,LHR,BOM,18.1
2024,2,LHR,CCU,25.7
2024,2,CCU,LAX,33.1
2024,2,DXB,BLR,17.2
2024,2,DEL,DXB,41.5
2024,2,MAA,BOM,10.3
2024,2,MAA,BLR,36.8
2024,2,DEL,MAA,34.1
2024,2,AMD,LAX,34.3
2024,2,SFO,LHR,11.3
2024,2,MAA,LHR,35.9
2024,2,DEL,BLR,36.0
2024,2,MAA,BLR,11.8
2024,2,LHR,LAX,24.7
2024,3,DEL,BOM,8.5
2024,3,PNQ,AMD,18.2
2024,3,LAX,BOM,18.7
2024,3,AMD,BOM,11.9
2024,3,LHR,DEL,12.0
2024,3,CCU,MAA,15.1
2024,3,BOM,BLR,9.0
2024,3,PNQ,LAX,2.4
2024,3,LAX,HYD,6.1
2024,3,PNQ,LHR,6.5
2024,3,BOM,HYD,18.7
2024,3,PNQ,BOM,16.3
2024,3,DEL,CCU,21.2
2024,3,LHR,AMD,14.9
2024,3,LHR,LAX,13.5
2024,3,SFO,AMD,12.8
2024,3,AMD,SFO,12.9
2024,3,LAX,SFO,14.8
2024,3,MAA,PNQ,14.7
2024,3,CCU,PNQ,25.6
2024,4,AMD,SFO,12.0
2024,4,AMD,CCU,18.5
2024,4,MAA,LHR,12.3
2024,4,AMD,HYD,19.5
2024,4,BLR,MAA,13.8
2024,4,CCU,LHR,16.1
2024,4,HYD,DEL,21.0
2024,4,DEL,CCU,18.0
2024,4,AMD,HYD,13.1
2024,4,BOM,LHR,7.2
2024,4,DXB,AMD,19.6
2024,4,DEL,PNQ,11.9
2024,4,LHR,PNQ,20.4
2024,4,SFO,HYD,14.4
2024,4,AMD,MAA,22.1
2024,4,PNQ,LHR,13.3
2024,4,SFO,BOM,4.8
2024,4,CCU,AMD,12.2
2024,4,BLR,DEL,21.0
2024,4,LAX,AMD,7.1
2024,5,SFO,DXB,11.6
2024,5,LHR,SFO,21.8
2024,5,CCU,SFO,16.2
2024,5,DEL,BOM,17.3
2024,5,BLR,MAA,8.8
2024,5,DXB,DEL,3.1
2024,5,MAA,DXB,22.4
2024,5,BLR,HYD,17.3
2024,5,LHR,AMD,19.4
2024,5,LAX,HYD,4.1
2024,5,SFO,AMD,16.2
2024,5,CCU,BLR,17.0
2024,5,LHR,PNQ,20.6
2024,5,AMD,CCU,13.6
2024,5,AMD,DEL,21.3
2024,5,DEL,LAX,8.4
2024,5,BLR,LHR,9.5
2024,5,PNQ,LHR,14.9
2024,5,HYD,SFO,9.1
2024,5,PNQ,BLR,12.9
2024,6,BOM,CCU,13.4
2024,6,AMD,SFO,24.6
2024,6,PNQ,MAA,15.6
2024,6,CCU,PNQ,22.6
2024,6,DXB,BOM,16.5
2024,6,BLR,CCU,19.5
2024,6,SFO,DEL,22.6
2024,6,BOM,DEL,27.4
2024,6,LAX,PNQ,29.3
2024,6,DEL,HYD,26.5
2024,6,MAA,AMD,3.3
2024,6,AMD,LAX,31.4
2024,6,PNQ,MAA,24.9
2024,6,LAX,AMD,39.7
2024,6,LAX,BLR,21.6
2024,6,LHR,HYD,25.1
2024,6,PNQ,LAX,0.0
2024,6,LHR,DEL,14.7
2024,6,MAA,CCU,22.0
2024,6,LHR,AMD,36.2
2024,7,BLR,LHR,28.0
2024,7,SFO,MAA,27.6
2024,7,PNQ,LAX,28.4
2024,7,DXB,BOM,17.4
2024,7,PNQ,SFO,22.6
2024,7,DEL,AMD,22.1
2024,7,LHR,DEL,25.1
2024,7,SFO,DXB,21.0
2024,7,DXB,AMD,35.4
2024,7,HYD,SFO,19.5
2024,7,DEL,LHR,35.3
2024,7,HYD,DEL,36.4
2024,7,MAA,CCU,27.5
2024,7,DEL,SFO,1.6
2024,7,BLR,LAX,15.5
2024,7,BOM,LHR,14.3
2024,7,LHR,HYD,16.0
2024,7,DEL,DXB,26.5
2024,7,PNQ,SFO,19.6
2024,7,SFO,MAA,17.0
2024,8,HYD,LHR,19.5
2024,8,LAX,HYD,19.0
2024,8,SFO,DEL,28.4
2024,8,BOM,PNQ,14.5
2024,8,AMD,LAX,16.0
2024,8,BLR,DXB,23.1
2024,8,LHR,MAA,26.8
2024,8,BLR,MAA,45.2
2024,8,BOM,HYD,11.4
2024,8,PNQ,BLR,23.9
2024,8,DEL,CCU,17.4
2024,8,AMD,DEL,18.4
2024,8,HYD,SFO,30.7
2024,8,AMD,BOM,16.1
2024,8,HYD,MAA,23.5
2024,8,AMD,DEL,25.1
2024,8,PNQ,LAX,17.1
2024,8,PNQ,MAA,24.6
2024,8,DXB,BOM,26.1
2024,8,DEL,MAA,21.2
2024,9,BOM,DXB,20.2
2024,9,BOM,HYD,19.1
2024,9,AMD,PNQ,8.0
2024,9,BOM,BLR,11.0
2024,9,DXB,CCU,19.8
2024,9,HYD,DEL,8.0
2024,9,SFO,PNQ,15.8
2024,9,DXB,BOM,16.0
2024,9,SFO,PNQ,18.1
2024,9,PNQ,HYD,22.0
2024,9,PNQ,MAA,20.7
2024,9,LHR,CCU,16.4
2024,9,DXB,SFO,19.5
2024,9,BOM,LHR,12.7
2024,9,SFO,HYD,16.8
2024,9,CCU,SFO,20.0
2024,9,DXB,HYD,25.7
2024,9,LAX,PNQ,10.3
2024,9,DXB,PNQ,20.6
2024,9,PNQ,DEL,6.4
2024,10,LHR,HYD,13.9
2024,10,AMD,BLR,10.9
2024,10,LHR,SFO,8.7
2024,10,MAA,BOM,18.5
2024,10,LAX,MAA,23.0
2024,10,DXB,MAA,21.8
2024,10,LHR,BOM,4.9
2024,10,CCU,DXB,14.3
2024,10,AMD,SFO,11.2
2024,10,LHR,BLR,22.4
2024,10,DXB,DEL,8.9
2024,10,LHR,DEL,12.1
2024,10,SFO,BLR,11.3
2024,10,LHR,CCU,13.5
2024,10,DEL,BOM,15.8
2024,10,CCU,DXB,8.6
2024,10,HYD,LHR,15.3
2024,10,CCU,MAA,12.6
2024,10,CCU,DXB,10.6
2024,10,DXB,BOM,18.0
2024,11,LHR,AMD,19.6
2024,11,CCU,PNQ,17.3
2024,11,HYD,SFO,17.1
2024,11,DEL,LHR,14.8
2024,11,HYD,LHR,3.6
2024,11,MAA,DEL,15.8
2024,11,MAA,AMD,14.0
2024,11,PNQ,SFO,21.4
2024,11,MAA,LAX,2.1
2024,11,LHR,LAX,15.2
2024,11,SFO,LHR,18.4
2024,11,DEL,LAX,16.0
2024,11,BOM,LHR,13.4
2024,11,SFO,LHR,12.8
2024,11,LAX,BOM,9.5
2024,11,LHR,BLR,17.6
2024,11,CCU,BLR,24.0
2024,11,BOM,LAX,12.8
2024,11,DEL,LAX,21.9
2024,11,LHR,MAA,13.4
2024,12,LHR,BOM,66.0
2024,12,BLR,CCU,29.7
2024,12,LAX,HYD,31.8
2024,12,LAX,HYD,21.5
2024,12,LHR,LAX,35.6
2024,12,BLR,MAA,43.2
2024,12,AMD,DXB,28.2
2024,12,LHR,BOM,34.6
2024,12,BOM,DXB,20.0
2024,12,BLR,LHR,29.9
2024,12,BOM,PNQ,32.5
2024,12,AMD,BOM,33.5
2024,12,SFO,AMD,28.6
2024,12,LHR,PNQ,32.4
2024,12,PNQ,HYD,32.9
2024,12,CCU,SFO,56.1
2024,12,AMD,LAX,32.3
2024,12,LAX,CCU,53.2
2024,12,SFO,HYD,32.1
2024,12,LHR,MAA,39.0
